"ID","Description","GeneRatio","BgRatio","pvalue","p.adjust","qvalue","geneID","Count"
"R-HSA-69620","Cell Cycle Checkpoints","88/1114","290/10616",3.23207653029119e-21,4.05625604551544e-18,3.39197926389507e-18,"CDK1/MCM10/SPC25/CENPF/CENPE/AURKB/PLK1/BARD1/DNA2/GTSE1/H2BC14/CCNA2/NDC80/KNL1/CENPI/BRIP1/BLM/CDK2/CDC25A/PPP2R5D/BUB1/CCNB1/CDC7/MCM5/INCENP/CENPA/CCNB2/CHEK2/KNTC1/CDC20/RPA1/UBE2C/PPP2R1B/CKAP5/CDCA8/H2AX/PSMA4/SPC24/NUF2/ZWINT/MCM4/ATM/KIF18A/PPP2R5B/CENPU/BIRC5/PPP1CC/ERCC6L/CCNE2/MCM2/CDC45/SPDL1/DBF4/RNF8/CENPM/CHEK1/ORC1/RFC3/SKA1/H2BC15/YWHAQ/H2BC10/RCC2/CENPQ/WEE1/PKMYT1/H2BC4/CLSPN/YWHAE/CENPH/ZWILCH/H4C3/MCM7/YWHAZ/MAD2L1/RBBP8/YWHAH/MAPRE1/SKA2/H2BC5/CCNE1/H2BC13/CDC26/NUP85/CENPN/ZNF385A/H4C5/KIF2A",88
"R-HSA-68886","M Phase","100/1114","391/10616",4.7744456085484e-18,2.99596461936412e-15,2.50532751143303e-15,"CDK1/SPC25/CENPF/CENPE/AURKB/PLK1/ESPL1/LMNB1/H2BC14/NCAPD2/NDC80/KNL1/KIF20A/CENPI/PPP2R5D/BUB1/CCNB1/CEP70/KIF23/INCENP/CENPA/NCAPH/CEP78/NCAPG/PLK4/CCNB2/NEK2/KNTC1/CDC20/TUBGCP4/UBE2C/PPP2R1B/CKAP5/H3C7/CDCA8/H2AX/PSMA4/H2AC20/SPC24/BLZF1/NUF2/PDS5A/ZWINT/KIF18A/H2AC8/PPP2R5B/ALMS1/CENPU/PDS5B/BIRC5/NCAPD3/PPP1CC/H3C2/ERCC6L/LMNA/TMPO/H3C13/SPDL1/CEP152/PTTG1/CENPM/CETN2/RAB2A/SKA1/SET/H2BC15/H3C11/H2BC10/EMD/RCC2/MCPH1/CENPQ/HAUS1/H2BC4/SMC2/H2AC4/YWHAE/NUP155/NUP188/CENPH/ZWILCH/HAUS4/H3-3A/H4C3/OFD1/CSNK2A1/MAD2L1/NUP50/MAPRE1/LPIN2/CNEP1R1/SKA2/H2BC5/H3C3/H2BC13/CDC26/NUP85/CENPN/H4C5/KIF2A",100
"R-HSA-195258","RHO GTPase Effectors","88/1114","324/10616",9.38029627411756e-18,3.92409060800584e-15,3.28145802992814e-15,"SPC25/CENPF/KIF14/CENPE/AURKB/PLK1/PRC1/H2BC14/NDC80/KNL1/CENPI/PPP2R5D/BUB1/INCENP/CENPA/FLNA/KNTC1/CDC20/IQGAP3/PPP2R1B/CKAP5/MYH9/ACTG1/H3C7/CDCA8/H2AX/H2AC20/CYBA/SPC24/NUF2/ACTB/ZWINT/KIF18A/DIAPH1/H2AC8/PPP2R5B/CENPU/BIRC5/PPP1CC/H3C2/ERCC6L/ACTR3/SCAI/H3C13/SPDL1/CENPM/SKA1/DIAPH3/CTNNB1/H2BC15/YWHAQ/H3C11/H2BC10/NF2/RCC2/CENPQ/ABI2/H2BC4/BAIAP2/KDM4C/H2AC4/YWHAE/CENPH/SRF/ZWILCH/PKN3/CYFIP1/H3-3A/H4C3/YWHAZ/ARPC1B/LIMK2/MAPK14/ROCK2/MAD2L1/RHOQ/YWHAH/MAPRE1/SKA2/H2BC5/H3C3/H2BC13/NUP85/CENPN/H4C5/KIF2A/PIK3C3/CALM3",88
"R-HSA-68877","Mitotic Prometaphase","61/1114","197/10616",1.69166028326347e-15,5.30758413873915e-13,4.43838237477285e-13,"CDK1/SPC25/CENPF/CENPE/AURKB/PLK1/NCAPD2/NDC80/KNL1/CENPI/PPP2R5D/BUB1/CCNB1/CEP70/INCENP/CENPA/NCAPH/CEP78/NCAPG/PLK4/CCNB2/NEK2/KNTC1/CDC20/TUBGCP4/PPP2R1B/CKAP5/CDCA8/SPC24/NUF2/PDS5A/ZWINT/KIF18A/PPP2R5B/ALMS1/CENPU/PDS5B/BIRC5/PPP1CC/ERCC6L/SPDL1/CEP152/CENPM/CETN2/SKA1/RCC2/CENPQ/HAUS1/SMC2/YWHAE/CENPH/ZWILCH/HAUS4/OFD1/CSNK2A1/MAD2L1/MAPRE1/SKA2/NUP85/CENPN/KIF2A",61
"R-HSA-141424","Amplification of signal from the kinetochores","39/1114","94/10616",4.82467307056422e-15,1.00916078392635e-12,8.43894570412724e-13,"SPC25/CENPF/CENPE/AURKB/PLK1/NDC80/KNL1/CENPI/PPP2R5D/BUB1/INCENP/CENPA/KNTC1/CDC20/PPP2R1B/CKAP5/CDCA8/SPC24/NUF2/ZWINT/KIF18A/PPP2R5B/CENPU/BIRC5/PPP1CC/ERCC6L/SPDL1/CENPM/SKA1/RCC2/CENPQ/CENPH/ZWILCH/MAD2L1/MAPRE1/SKA2/NUP85/CENPN/KIF2A",39
"R-HSA-141444","Amplification  of signal from unattached  kinetochores via a MAD2  inhibitory signal","39/1114","94/10616",4.82467307056422e-15,1.00916078392635e-12,8.43894570412724e-13,"SPC25/CENPF/CENPE/AURKB/PLK1/NDC80/KNL1/CENPI/PPP2R5D/BUB1/INCENP/CENPA/KNTC1/CDC20/PPP2R1B/CKAP5/CDCA8/SPC24/NUF2/ZWINT/KIF18A/PPP2R5B/CENPU/BIRC5/PPP1CC/ERCC6L/SPDL1/CENPM/SKA1/RCC2/CENPQ/CENPH/ZWILCH/MAD2L1/MAPRE1/SKA2/NUP85/CENPN/KIF2A",39
"R-HSA-194315","Signaling by Rho GTPases","102/1114","451/10616",1.6770636188939e-14,3.00673548815977e-12,2.51433447825145e-12,"SPC25/CENPF/KIF14/CENPE/AURKB/PLK1/PRC1/H2BC14/NDC80/KNL1/CENPI/ARHGAP11A/PPP2R5D/BUB1/NET1/INCENP/DEPDC1B/CENPA/ECT2/ARHGAP11B/FLNA/ITSN1/KNTC1/CDC20/IQGAP3/PPP2R1B/CKAP5/MYH9/ACTG1/H3C7/CDCA8/H2AX/H2AC20/CYBA/SPC24/NUF2/ACTB/ZWINT/KIF18A/DIAPH1/H2AC8/ARHGEF39/PPP2R5B/CENPU/BIRC5/PPP1CC/H3C2/VAV2/ERCC6L/ACTR3/SCAI/H3C13/SPDL1/ARHGAP18/CENPM/SKA1/DIAPH3/CTNNB1/H2BC15/RHOBTB2/YWHAQ/H3C11/H2BC10/NF2/RCC2/CENPQ/ABI2/H2BC4/TRIP10/BAIAP2/KDM4C/H2AC4/YWHAE/ARHGAP23/CENPH/SRF/ZWILCH/PKN3/CYFIP1/H3-3A/H4C3/ARHGEF11/YWHAZ/ARPC1B/LIMK2/MAPK14/ROCK2/MAD2L1/RHOQ/YWHAH/MAPRE1/SKA2/ARHGAP10/H2BC5/H3C3/H2BC13/NUP85/CENPN/H4C5/KIF2A/PIK3C3/CALM3",102
"R-HSA-2500257","Resolution of Sister Chromatid Cohesion","44/1114","124/10616",7.23076916411107e-14,1.06508028214749e-11,8.90656356721368e-12,"CDK1/SPC25/CENPF/CENPE/AURKB/PLK1/NDC80/KNL1/CENPI/PPP2R5D/BUB1/CCNB1/INCENP/CENPA/CCNB2/KNTC1/CDC20/PPP2R1B/CKAP5/CDCA8/SPC24/NUF2/PDS5A/ZWINT/KIF18A/PPP2R5B/CENPU/PDS5B/BIRC5/PPP1CC/ERCC6L/SPDL1/CENPM/SKA1/RCC2/CENPQ/CENPH/ZWILCH/MAD2L1/MAPRE1/SKA2/NUP85/CENPN/KIF2A",44
"R-HSA-69618","Mitotic Spindle Checkpoint","41/1114","110/10616",7.63802592775095e-14,1.06508028214749e-11,8.90656356721368e-12,"SPC25/CENPF/CENPE/AURKB/PLK1/NDC80/KNL1/CENPI/PPP2R5D/BUB1/INCENP/CENPA/KNTC1/CDC20/UBE2C/PPP2R1B/CKAP5/CDCA8/SPC24/NUF2/ZWINT/KIF18A/PPP2R5B/CENPU/BIRC5/PPP1CC/ERCC6L/SPDL1/CENPM/SKA1/RCC2/CENPQ/CENPH/ZWILCH/MAD2L1/MAPRE1/SKA2/CDC26/NUP85/CENPN/KIF2A",41
"R-HSA-5663220","RHO GTPases Activate Formins","45/1114","138/10616",1.1914404276233e-12,1.49525773666724e-10,1.25038537509519e-10,"SPC25/CENPF/CENPE/AURKB/PLK1/NDC80/KNL1/CENPI/PPP2R5D/BUB1/INCENP/CENPA/KNTC1/CDC20/PPP2R1B/CKAP5/ACTG1/CDCA8/SPC24/NUF2/ACTB/ZWINT/KIF18A/DIAPH1/PPP2R5B/CENPU/BIRC5/PPP1CC/ERCC6L/SCAI/SPDL1/CENPM/SKA1/DIAPH3/RCC2/CENPQ/CENPH/SRF/ZWILCH/MAD2L1/MAPRE1/SKA2/NUP85/CENPN/KIF2A",45
"R-HSA-453279","Mitotic G1-G1/S phases","45/1114","149/10616",2.33574033324933e-11,2.66486738020719e-09,2.22845273899481e-09,"RRM2/CDK1/MCM10/MYBL2/TOP2A/CCNA2/CDK2/CDC25A/CCNB1/CDC7/MCM5/TYMS/TK1/GMNN/CCND1/SKP2/RPA1/PPP2R1B/RBL1/PSMA4/LIN37/MCM4/LIN9/CCNE2/MAX/MCM2/CDC45/E2F1/CABLES1/DBF4/ORC1/LYN/CDK7/CDK6/E2F3/E2F2/WEE1/PCNA/HDAC1/POLA1/CKS1B/TFDP2/MCM7/POLE2/CCNE1",45
"R-HSA-2559583","Cellular Senescence","52/1114","193/10616",7.73391749587744e-11,8.08838871443849e-09,6.76378573981562e-09,"H1-5/LMNB1/H2BC14/CCNA2/CDK2/H1-2/UBE2C/H3C7/H2AX/H2AC20/H1-4/KDM6B/ATM/MOV10/H2AC8/SUZ12/H3C2/CCNE2/TERF2IP/E2F1/H3C13/EZH2/CDK6/E2F3/RELA/EHMT2/H2BC15/H3C11/H2BC10/ID1/TXN/E2F2/H2BC4/H2AC4/CBX6/TFDP2/MAPK9/TERF1/H3-3A/H4C3/MAPK14/RPS6KA1/MAPK8/CEBPB/HMGA2/H2BC5/H3C3/MAPKAPK2/CCNE1/H2BC13/CDC26/H4C5",52
"R-HSA-69206","G1/S Transition","39/1114","131/10616",8.05926197123959e-10,7.43290098964539e-08,6.21564461033882e-08,"RRM2/CDK1/MCM10/CCNA2/CDK2/CDC25A/CCNB1/CDC7/MCM5/TYMS/TK1/GMNN/CCND1/SKP2/RPA1/PPP2R1B/RBL1/PSMA4/LIN37/MCM4/LIN9/CCNE2/MAX/MCM2/CDC45/E2F1/CABLES1/DBF4/ORC1/CDK7/WEE1/PCNA/HDAC1/POLA1/CKS1B/TFDP2/MCM7/POLE2/CCNE1",39
"R-HSA-1538133","G0 and Early G1","16/1114","27/10616",8.29168237888729e-10,7.43290098964539e-08,6.21564461033882e-08,"CDK1/MYBL2/TOP2A/CCNA2/CDK2/CDC25A/RBL1/LIN37/LIN9/CCNE2/MAX/E2F1/PCNA/HDAC1/TFDP2/CCNE1",16
"R-HSA-73894","DNA Repair","71/1114","331/10616",2.31235823497233e-09,1.93467305659352e-07,1.61783941071398e-07,"BARD1/DNA2/TIMELESS/FANCI/H2BC14/CCNA2/BRIP1/KPNA2/BLM/CDK2/RAD51AP1/DTL/FANCD2/CHEK2/RAD51/POLQ/RPA1/H2AX/H2AC20/ACTB/PRKDC/ATM/FANCA/ERCC2/H2AC8/GEN1/UBE2T/TERF2IP/CHD1L/NEIL3/RNF8/CHEK1/CDK7/CETN2/FANCL/ASCC3/RFC3/PCLAF/POLR2C/XRCC2/H2BC15/H2BC10/UNG/TIPIN/FANCE/H2BC4/PCNA/POLR2L/CLSPN/H2AC4/PIAS3/POLB/TERF1/H4C3/SUMO2/POLI/DCLRE1C/RBBP8/XPC/RAD18/MAPK8/PIAS1/POLE2/SPIDR/H2BC5/POLR2K/FANCB/H2BC13/DDB2/H4C5/COPS6",71
"R-HSA-68882","Mitotic Anaphase","50/1114","199/10616",2.49341988252333e-09,1.95577622035424e-07,1.63548659399721e-07,"SPC25/CENPF/CENPE/AURKB/PLK1/ESPL1/LMNB1/NDC80/KNL1/CENPI/PPP2R5D/BUB1/INCENP/CENPA/KNTC1/CDC20/UBE2C/PPP2R1B/CKAP5/CDCA8/PSMA4/SPC24/NUF2/PDS5A/ZWINT/KIF18A/PPP2R5B/CENPU/PDS5B/BIRC5/PPP1CC/ERCC6L/LMNA/TMPO/SPDL1/PTTG1/CENPM/SKA1/EMD/RCC2/CENPQ/CENPH/ZWILCH/MAD2L1/MAPRE1/SKA2/CDC26/NUP85/CENPN/KIF2A",50
"R-HSA-2555396","Mitotic Metaphase and Anaphase","50/1114","200/10616",2.99480877344228e-09,2.21087353568827e-07,1.84880764527675e-07,"SPC25/CENPF/CENPE/AURKB/PLK1/ESPL1/LMNB1/NDC80/KNL1/CENPI/PPP2R5D/BUB1/INCENP/CENPA/KNTC1/CDC20/UBE2C/PPP2R1B/CKAP5/CDCA8/PSMA4/SPC24/NUF2/PDS5A/ZWINT/KIF18A/PPP2R5B/CENPU/PDS5B/BIRC5/PPP1CC/ERCC6L/LMNA/TMPO/SPDL1/PTTG1/CENPM/SKA1/EMD/RCC2/CENPQ/CENPH/ZWILCH/MAD2L1/MAPRE1/SKA2/CDC26/NUP85/CENPN/KIF2A",50
"R-HSA-68875","Mitotic Prophase","39/1114","141/10616",8.22821180827311e-09,5.73689212187931e-07,4.79738431160719e-07,"CDK1/PLK1/LMNB1/H2BC14/CCNB1/CCNB2/PPP2R1B/H3C7/H2AX/H2AC20/BLZF1/H2AC8/NCAPD3/H3C2/LMNA/TMPO/H3C13/RAB2A/SET/H2BC15/H3C11/H2BC10/EMD/MCPH1/H2BC4/SMC2/H2AC4/NUP155/NUP188/H3-3A/H4C3/NUP50/LPIN2/CNEP1R1/H2BC5/H3C3/H2BC13/NUP85/H4C5",39
"R-HSA-69481","G2/M Checkpoints","43/1114","167/10616",1.50290637276907e-08,9.92709209381676e-07,8.3013720423865e-07,"CDK1/MCM10/BARD1/DNA2/GTSE1/H2BC14/BRIP1/BLM/CDK2/CDC25A/CCNB1/CDC7/MCM5/CCNB2/CHEK2/RPA1/H2AX/PSMA4/MCM4/ATM/MCM2/CDC45/DBF4/RNF8/CHEK1/ORC1/RFC3/H2BC15/YWHAQ/H2BC10/WEE1/PKMYT1/H2BC4/CLSPN/YWHAE/H4C3/MCM7/YWHAZ/RBBP8/YWHAH/H2BC5/H2BC13/H4C5",43
"R-HSA-69205","G1/S-Specific Transcription","15/1114","28/10616",1.8812519744222e-08,1.18048561394993e-06,9.87162220262595e-07,"RRM2/CDK1/TYMS/TK1/RBL1/LIN37/LIN9/CDC45/E2F1/ORC1/PCNA/HDAC1/POLA1/TFDP2/CCNE1",15
"R-HSA-2467813","Separation of Sister Chromatids","46/1114","188/10616",2.63049958371464e-08,1.57203665598184e-06,1.31459051877869e-06,"SPC25/CENPF/CENPE/AURKB/PLK1/ESPL1/NDC80/KNL1/CENPI/PPP2R5D/BUB1/INCENP/CENPA/KNTC1/CDC20/UBE2C/PPP2R1B/CKAP5/CDCA8/PSMA4/SPC24/NUF2/PDS5A/ZWINT/KIF18A/PPP2R5B/CENPU/PDS5B/BIRC5/PPP1CC/ERCC6L/SPDL1/PTTG1/CENPM/SKA1/RCC2/CENPQ/CENPH/ZWILCH/MAD2L1/MAPRE1/SKA2/CDC26/NUP85/CENPN/KIF2A",46
"R-HSA-3700989","Transcriptional Regulation by TP53","73/1114","365/10616",3.16326219715908e-08,1.80449729883393e-06,1.50898201462565e-06,"CDK1/AURKB/BARD1/DNA2/E2F8/FANCI/CCNA2/CARM1/BRIP1/BLM/CDK2/CCNB1/FANCD2/CHEK2/GLS/RPA1/BID/PPP2R1B/RBL1/JMY/NELFCD/SUPT16H/ATM/MOV10/ERCC2/STEAP3/CCNT1/CASP6/BNIP3L/BIRC5/TPX2/AURKA/CNOT2/COX7A2L/PRDX1/CCNE2/NDUFA4/CASP2/E2F1/TAF13/PIP4K2B/CHEK1/CYCS/CDK7/RFC3/EHMT2/POLR2C/YWHAQ/LAMTOR3/TXN/PCNA/POLR2L/HDAC1/GPI/PRKAB2/RRAGC/YWHAE/BRD7/PRDX2/TFDP2/HIPK2/TAF7/CSNK2A1/YWHAZ/MAPK14/RBBP8/YWHAH/RRM2B/POLR2K/CCNE1/PLK2/DDB2/ZNF385A",73
"R-HSA-2299718","Condensation of Prophase Chromosomes","25/1114","73/10616",4.15188259133048e-08,2.2508802301334e-06,1.88226260385238e-06,"CDK1/PLK1/H2BC14/CCNB1/H3C7/H2AX/H2AC20/H2AC8/NCAPD3/H3C2/H3C13/SET/H2BC15/H3C11/H2BC10/MCPH1/H2BC4/SMC2/H2AC4/H3-3A/H4C3/H2BC5/H3C3/H2BC13/H4C5",25
"R-HSA-156711","Polo-like kinase mediated events","11/1114","16/10616",4.30447215324316e-08,2.2508802301334e-06,1.88226260385238e-06,"CENPF/FOXM1/MYBL2/PLK1/CDC25A/CCNB1/CCNB2/LIN37/LIN9/WEE1/PKMYT1",11
"R-HSA-6811442","Intra-Golgi and retrograde Golgi-to-ER traffic","47/1114","201/10616",8.30705047706181e-08,4.17013933948503e-06,3.48721234763395e-06,"CENPE/COG6/KIF4A/KIF20A/GALNT2/KIF23/COG1/COG3/ARF4/KIFC1/VAMP4/KIF18B/BET1L/GOLGA1/YKT6/KIF20B/ARFGAP3/COG5/KDELR3/GOSR1/KIF18A/NAPA/COPA/CAPZB/GOLGA4/TRIP11/COPG2/PAFAH1B3/STX5/RAB3GAP2/GOSR2/KIF16B/GBF1/RINT1/GCC2/RAB6A/CYTH3/KIF1C/RAB18/GALNT1/NAA35/ARFIP2/MAN2A1/BICD2/CAPZA2/BICD1/KIF2A",47
"R-HSA-73864","RNA Polymerase I Transcription","31/1114","111/10616",2.19055875068559e-07,1.05736585850401e-05,8.8420529329293e-06,"H2BC14/H3C7/H2AX/H2AC20/ERCC2/H2AC8/KAT2B/KAT2A/H3C2/H3C13/POLR1A/CDK7/EHMT2/H2BC15/H3C11/H2BC10/H2BC4/POLR2L/HDAC1/H2AC4/POLR1E/H3-3A/H4C3/TWISTNB/CAVIN1/H2BC5/H3C3/POLR2K/H2BC13/TAF1B/H4C5",31
"R-HSA-2559580","Oxidative Stress Induced Senescence","33/1114","123/10616",2.52403755002077e-07,1.17321004639854e-05,9.81078143224448e-06,"H2BC14/H3C7/H2AX/H2AC20/KDM6B/MOV10/H2AC8/SUZ12/H3C2/E2F1/H3C13/EZH2/CDK6/E2F3/H2BC15/H3C11/H2BC10/TXN/E2F2/H2BC4/H2AC4/CBX6/TFDP2/MAPK9/H3-3A/H4C3/MAPK14/MAPK8/H2BC5/H3C3/MAPKAPK2/H2BC13/H4C5",33
"R-HSA-69273","Cyclin A/B1/B2 associated events during G2/M transition","13/1114","25/10616",2.71508856233064e-07,1.17583307067226e-05,9.83271605334652e-06,"CDK1/FOXM1/PLK1/CCNA2/CDK2/CDC25A/CCNB1/CDC25B/CCNB2/PPP2R1B/CDK7/WEE1/PKMYT1",13
"R-HSA-5250924","B-WICH complex positively regulates rRNA expression","27/1114","90/10616",2.71706446609525e-07,1.17583307067226e-05,9.83271605334652e-06,"H2BC14/H3C7/H2AX/H2AC20/ACTB/H2AC8/KAT2B/KAT2A/H3C2/H3C13/POLR1A/H2BC15/H3C11/H2BC10/H2BC4/POLR2L/H2AC4/POLR1E/H3-3A/H4C3/TWISTNB/H2BC5/H3C3/POLR2K/H2BC13/TAF1B/H4C5",27
"R-HSA-912446","Meiotic recombination","26/1114","85/10616",2.94774212176684e-07,1.2331387876058e-05,1.03119259487773e-05,"H2BC14/MND1/BLM/CDK2/RAD51/RPA1/H3C7/H2AX/H2AC20/ATM/H2AC8/H3C2/H3C13/H2BC15/H3C11/H2BC10/H2BC4/H2AC4/H3-3A/H4C3/RBBP8/H2BC5/H3C3/H2BC13/MLH3/H4C5",26
"R-HSA-212165","Epigenetic regulation of gene expression","37/1114","148/10616",3.39329410685178e-07,1.37373680777387e-05,1.14876544126697e-05,"H2BC14/UHRF1/MTF2/H3C7/H2AX/H2AC20/ACTB/ERCC2/H2AC8/KAT2B/KAT2A/DNMT3B/SUZ12/H3C2/H3C13/POLR1A/CDK7/EZH2/EHMT2/H2BC15/H3C11/H2BC10/H2BC4/POLR2L/HDAC1/H2AC4/POLR1E/H3-3A/SUV39H1/H4C3/TWISTNB/H2BC5/H3C3/POLR2K/H2BC13/TAF1B/H4C5",37
"R-HSA-69242","S Phase","39/1114","161/10616",3.97935336408361e-07,1.56065264747654e-05,1.30507082368137e-05,"DNA2/CCNA2/CDK2/GINS1/CDC25A/MCM5/CDC25B/GINS2/CCND1/SKP2/RPA1/UBE2C/PSMA4/LIN37/PDS5A/MCM4/ESCO2/ESCO1/PDS5B/LIN9/CCNE2/MAX/MCM2/CDC45/E2F1/CABLES1/ORC1/CDK7/RFC3/WEE1/PCNA/POLA1/CKS1B/GINS4/TFDP2/MCM7/POLE2/CCNE1/CDC26",39
"R-HSA-73854","RNA Polymerase I Promoter Clearance","30/1114","109/10616",4.84516634829036e-07,1.84263144457709e-05,1.54087108428883e-05,"H2BC14/H3C7/H2AX/H2AC20/ERCC2/H2AC8/KAT2B/KAT2A/H3C2/H3C13/POLR1A/CDK7/EHMT2/H2BC15/H3C11/H2BC10/H2BC4/POLR2L/HDAC1/H2AC4/POLR1E/H3-3A/H4C3/TWISTNB/H2BC5/H3C3/POLR2K/H2BC13/TAF1B/H4C5",30
"R-HSA-5250913","Positive epigenetic regulation of rRNA expression","29/1114","105/10616",6.92073257147899e-07,2.52118888081417e-05,2.10830389110651e-05,"H2BC14/H3C7/H2AX/H2AC20/ACTB/H2AC8/KAT2B/KAT2A/H3C2/H3C13/POLR1A/EHMT2/H2BC15/H3C11/H2BC10/H2BC4/POLR2L/HDAC1/H2AC4/POLR1E/H3-3A/H4C3/TWISTNB/H2BC5/H3C3/POLR2K/H2BC13/TAF1B/H4C5",29
"R-HSA-69473","G2/M DNA damage checkpoint","27/1114","94/10616",7.1429360061317e-07,2.52118888081417e-05,2.10830389110651e-05,"CDK1/BARD1/DNA2/H2BC14/BRIP1/BLM/CCNB1/CHEK2/RPA1/H2AX/ATM/RNF8/CHEK1/RFC3/H2BC15/YWHAQ/H2BC10/WEE1/H2BC4/YWHAE/H4C3/YWHAZ/RBBP8/YWHAH/H2BC5/H2BC13/H4C5",27
"R-HSA-75035","Chk1/Chk2(Cds1) mediated inactivation of Cyclin B:Cdk1 complex","9/1114","13/10616",7.23209559436735e-07,2.52118888081417e-05,2.10830389110651e-05,"CDK1/CCNB1/CHEK2/CHEK1/YWHAQ/WEE1/YWHAE/YWHAZ/YWHAH",9
"R-HSA-1500620","Meiosis","31/1114","117/10616",7.81318178555992e-07,2.65014679483181e-05,2.21614288483734e-05,"LMNB1/H2BC14/MND1/BLM/CDK2/RAD51/RPA1/H3C7/H2AX/H2AC20/SUN2/ATM/H2AC8/H3C2/LMNA/TERF2IP/H3C13/H2BC15/H3C11/H2BC10/H2BC4/H2AC4/TERF1/H3-3A/H4C3/RBBP8/H2BC5/H3C3/H2BC13/MLH3/H4C5",31
"R-HSA-2559586","DNA Damage/Telomere Stress Induced Senescence","24/1114","79/10616",9.63580681032202e-07,3.10075321716773e-05,2.59295530091526e-05,"H1-5/LMNB1/H2BC14/CCNA2/CDK2/H1-2/H2AX/H2AC20/H1-4/ATM/H2AC8/CCNE2/TERF2IP/H2BC15/H2BC10/H2BC4/H2AC4/TERF1/H4C3/HMGA2/H2BC5/CCNE1/H2BC13/H4C5",24
"R-HSA-3214858","RMTs methylate histone arginines","24/1114","79/10616",9.63580681032202e-07,3.10075321716773e-05,2.59295530091526e-05,"H2AC15/CARM1/SMARCC2/SMARCA4/H2AC13/CCND1/H3C7/H2AX/H2AC20/H2AC8/H2AC21/H3C2/H2AC11/H3C13/SMARCD2/ARID1A/H3C11/H2AC17/H2AC4/H4C3/SMARCC1/H3C3/H4C5/H2AC16",24
"R-HSA-73772","RNA Polymerase I Promoter Escape","26/1114","90/10616",1.01279680451729e-06,3.17764997417301e-05,2.65725898448353e-05,"H2BC14/H3C7/H2AX/H2AC20/ERCC2/H2AC8/H3C2/H3C13/POLR1A/CDK7/H2BC15/H3C11/H2BC10/H2BC4/POLR2L/H2AC4/POLR1E/H3-3A/H4C3/TWISTNB/H2BC5/H3C3/POLR2K/H2BC13/TAF1B/H4C5",26
"R-HSA-1912422","Pre-NOTCH Expression and Processing","29/1114","108/10616",1.30901853834743e-06,4.00687381860006e-05,3.35068416619355e-05,"H2BC14/CCND1/H3C7/H2AX/H2AC20/MOV10/H2AC8/KAT2B/KAT2A/H3C2/MAML2/E2F1/H3C13/E2F3/H2BC15/H3C11/H2BC10/H2BC4/RAB6A/H2AC4/TFDP2/H3-3A/H4C3/H2BC5/H3C3/H2BC13/B4GALT1/H4C5/FURIN",29
"R-HSA-1912408","Pre-NOTCH Transcription and Translation","26/1114","92/10616",1.60718445153972e-06,4.6928258147859e-05,3.92430055553914e-05,"H2BC14/CCND1/H3C7/H2AX/H2AC20/MOV10/H2AC8/KAT2B/KAT2A/H3C2/MAML2/E2F1/H3C13/E2F3/H2BC15/H3C11/H2BC10/H2BC4/H2AC4/TFDP2/H3-3A/H4C3/H2BC5/H3C3/H2BC13/H4C5",26
"R-HSA-5250941","Negative epigenetic regulation of rRNA expression","29/1114","109/10616",1.60790047837286e-06,4.6928258147859e-05,3.92430055553914e-05,"H2BC14/H3C7/H2AX/H2AC20/ERCC2/H2AC8/DNMT3B/H3C2/H3C13/POLR1A/CDK7/H2BC15/H3C11/H2BC10/H2BC4/POLR2L/HDAC1/H2AC4/POLR1E/H3-3A/SUV39H1/H4C3/TWISTNB/H2BC5/H3C3/POLR2K/H2BC13/TAF1B/H4C5",29
"R-HSA-2514853","Condensation of Prometaphase Chromosomes","8/1114","11/10616",1.77226977250988e-06,5.05499673749978e-05,4.22716019902477e-05,"CDK1/NCAPD2/CCNB1/NCAPH/NCAPG/CCNB2/SMC2/CSNK2A1",8
"R-HSA-176187","Activation of ATR in response to replication stress","15/1114","37/10616",1.88634775583345e-06,5.26081429682439e-05,4.39927184225952e-05,"MCM10/CDK2/CDC25A/CDC7/MCM5/RPA1/MCM4/MCM2/CDC45/DBF4/CHEK1/ORC1/RFC3/CLSPN/MCM7",15
"R-HSA-5693532","DNA Double-Strand Break Repair","38/1114","165/10616",2.12696622736986e-06,5.80291872901995e-05,4.85259800615046e-05,"BARD1/DNA2/TIMELESS/H2BC14/CCNA2/BRIP1/KPNA2/BLM/CDK2/RAD51AP1/CHEK2/RAD51/POLQ/RPA1/H2AX/PRKDC/ATM/GEN1/RNF8/CHEK1/RFC3/XRCC2/H2BC15/H2BC10/TIPIN/H2BC4/PCNA/CLSPN/H4C3/SUMO2/DCLRE1C/RBBP8/MAPK8/POLE2/SPIDR/H2BC5/H2BC13/H4C5",38
"R-HSA-68962","Activation of the pre-replicative complex","14/1114","33/10616",2.17356253669014e-06,5.80387443307687e-05,4.85339719838762e-05,"MCM10/CDK2/CDC7/MCM5/GMNN/RPA1/MCM4/MCM2/CDC45/DBF4/ORC1/POLA1/MCM7/POLE2",14
"R-HSA-212300","PRC2 methylates histones and DNA","22/1114","72/10616",2.43816755100231e-06,6.3747922427248e-05,5.33081808848532e-05,"H2BC14/MTF2/H3C7/H2AX/H2AC20/H2AC8/DNMT3B/SUZ12/H3C2/H3C13/EZH2/H2BC15/H3C11/H2BC10/H2BC4/H2AC4/H3-3A/H4C3/H2BC5/H3C3/H2BC13/H4C5",22
"R-HSA-3214815","HDACs deacetylate histones","26/1114","94/10616",2.50782119052018e-06,6.42309304918945e-05,5.3712088656254e-05,"H2BC14/H2AC15/H2AC13/H3C7/H2AC20/H2AC8/H2AC21/H3C2/H2AC11/H3C13/TBL1XR1/H2BC15/H3C11/H2BC10/H2AC17/H2BC4/HDAC1/H2AC4/GPS2/H4C3/H2BC18/H2BC5/H3C3/H2BC13/H4C5/H2AC16",26
"R-HSA-427413","NoRC negatively regulates rRNA expression","28/1114","106/10616",2.82602301067048e-06,7.0933177567829e-05,5.93167356134414e-05,"H2BC14/H3C7/H2AX/H2AC20/ERCC2/H2AC8/DNMT3B/H3C2/H3C13/POLR1A/CDK7/H2BC15/H3C11/H2BC10/H2BC4/POLR2L/HDAC1/H2AC4/POLR1E/H3-3A/H4C3/TWISTNB/H2BC5/H3C3/POLR2K/H2BC13/TAF1B/H4C5",28
"R-HSA-5693538","Homology Directed Repair","33/1114","137/10616",3.50644594778909e-06,8.61141547366979e-05,7.20115850471695e-05,"BARD1/DNA2/TIMELESS/H2BC14/CCNA2/BRIP1/BLM/CDK2/RAD51AP1/RAD51/POLQ/RPA1/H2AX/ATM/GEN1/RNF8/CHEK1/RFC3/XRCC2/H2BC15/H2BC10/TIPIN/H2BC4/PCNA/CLSPN/H4C3/SUMO2/RBBP8/POLE2/SPIDR/H2BC5/H2BC13/H4C5",33
"R-HSA-5693567","HDR through Homologous Recombination (HRR) or Single Strand Annealing (SSA)","32/1114","131/10616",3.56807653092294e-06,8.61141547366979e-05,7.20115850471695e-05,"BARD1/DNA2/TIMELESS/H2BC14/CCNA2/BRIP1/BLM/CDK2/RAD51AP1/RAD51/RPA1/H2AX/ATM/GEN1/RNF8/CHEK1/RFC3/XRCC2/H2BC15/H2BC10/TIPIN/H2BC4/PCNA/CLSPN/H4C3/SUMO2/RBBP8/POLE2/SPIDR/H2BC5/H2BC13/H4C5",32
"R-HSA-73886","Chromosome Maintenance","28/1114","108/10616",4.20096276098751e-06,9.94756276422515e-05,8.31849031321658e-05,"DNA2/H2BC14/KNL1/CENPI/CENPA/RPA1/H2AX/H2AC20/H2AC8/CENPU/TERF2IP/CENPM/RFC3/H2BC15/H2BC10/CENPQ/H2BC4/PCNA/H2AC4/POLA1/CENPH/TERF1/H4C3/POLE2/H2BC5/H2BC13/CENPN/H4C5",28
"R-HSA-5334118","DNA methylation","20/1114","64/10616",4.73489057674072e-06,0.000110042364329807,9.20211677389961e-05,"H2BC14/UHRF1/H3C7/H2AX/H2AC20/H2AC8/DNMT3B/H3C2/H3C13/H2BC15/H3C11/H2BC10/H2BC4/H2AC4/H3-3A/H4C3/H2BC5/H3C3/H2BC13/H4C5",20
"R-HSA-176974","Unwinding of DNA","8/1114","12/10616",4.82586145503192e-06,0.000110117384110274,9.2083901830944e-05,"GINS1/MCM5/GINS2/MCM4/MCM2/CDC45/GINS4/MCM7",8
"R-HSA-1362277","Transcription of E2F targets under negative control by DREAM complex","10/1114","19/10616",5.91332530598772e-06,0.000132521843910975,0.000110819273121612,"TOP2A/CDC25A/RBL1/LIN37/LIN9/MAX/E2F1/PCNA/HDAC1/TFDP2",10
"R-HSA-381119","Unfolded Protein Response (UPR)","25/1114","94/10616",8.36246274922653e-06,0.000180946392246195,0.000151313527422484,"DDIT3/CREBRF/WIPI1/HERPUD1/SERP1/FKBP14/EXOSC9/KDELR3/TSPYL2/PPP2R5B/SYVN1/LMNA/ATF6/ATF3/GOSR2/GFPT1/SRPRA/ADD1/ERN1/CXXC1/ATF4/EXOSC1/CEBPG/CEBPB/CREB3L2",25
"R-HSA-5625740","RHO GTPases activate PKNs","25/1114","94/10616",8.36246274922653e-06,0.000180946392246195,0.000151313527422484,"H2BC14/MYH9/H3C7/H2AX/H2AC20/H2AC8/H3C2/H3C13/H2BC15/YWHAQ/H3C11/H2BC10/H2BC4/KDM4C/H2AC4/YWHAE/PKN3/H3-3A/H4C3/YWHAZ/YWHAH/H2BC5/H3C3/H2BC13/H4C5",25
"R-HSA-1362300","Transcription of E2F targets under negative control by p107 (RBL1) and p130 (RBL2) in complex with HDAC1","9/1114","16/10616",8.62552794504609e-06,0.000183475213068353,0.000153428213402515,"CDK1/MYBL2/CCNA2/RBL1/LIN37/LIN9/E2F1/HDAC1/TFDP2",9
"R-HSA-69190","DNA strand elongation","13/1114","32/10616",8.97035868581875e-06,0.000187630002511709,0.000156902589644935,"DNA2/GINS1/MCM5/GINS2/RPA1/MCM4/MCM2/CDC45/RFC3/PCNA/POLA1/GINS4/MCM7",13
"R-HSA-1474165","Reproduction","33/1114","143/10616",9.37661010869448e-06,0.000192912224367403,0.000161319763216021,"LMNB1/H2BC14/MND1/BLM/CDK2/RAD51/RPA1/H3C7/H2AX/H2AC20/SUN2/ATM/H2AC8/H3C2/LMNA/TERF2IP/H3C13/CD9/H2BC15/H3C11/H2BC10/H2BC4/H2AC4/TERF1/H3-3A/H4C3/RBBP8/H2BC5/H3C3/H2BC13/MLH3/B4GALT1/H4C5",33
"R-HSA-9616222","Transcriptional regulation of granulopoiesis","24/1114","89/10616",9.76048335131137e-06,0.000197571074288641,0.00016521565197381,"H2BC14/CDK2/H3C7/H2AX/H2AC20/CBFB/H2AC8/H3C2/E2F1/H3C13/H2BC15/H3C11/H2BC10/H2BC4/H2AC4/TFDP2/H3-3A/H4C3/CEBPB/H2BC5/H3C3/H2BC13/H4C5/KLF5",24
"R-HSA-427359","SIRT1 negatively regulates rRNA expression","20/1114","67/10616",1.02878827987125e-05,0.000204941157339431,0.000171378766087157,"H2BC14/H3C7/H2AX/H2AC20/H2AC8/H3C2/H3C13/H2BC15/H3C11/H2BC10/H2BC4/H2AC4/H3-3A/SUV39H1/H4C3/H2BC5/H3C3/H2BC13/TAF1B/H4C5",20
"R-HSA-977225","Amyloid fiber formation","27/1114","108/10616",1.28661206543856e-05,0.000252296584707092,0.000210978985072737,"H2BC14/APP/H3C7/H2AX/H2AC20/TSPAN14/ITM2B/H2AC8/B2M/H3C2/H3C13/SORL1/H2BC15/H3C11/H2BC10/H2BC4/SIAH2/H2AC4/H3-3A/H4C3/H2BC5/H3C3/H2BC13/TSPAN15/H4C5/HSPG2/FURIN",27
"R-HSA-69306","DNA Replication","30/1114","127/10616",1.45437079902612e-05,0.000278620395636927,0.000232991851079904,"MCM10/DNA2/CCNA2/CDK2/GINS1/CDC7/MCM5/GMNN/GINS2/SKP2/RPA1/UBE2C/PSMA4/MCM4/CCNE2/MCM2/CDC45/E2F1/DBF4/ORC1/RFC3/E2F3/E2F2/PCNA/POLA1/GINS4/MCM7/POLE2/CCNE1/CDC26",30
"R-HSA-3247509","Chromatin modifying enzymes","52/1114","274/10616",1.48745549861945e-05,0.000278620395636927,0.000232991851079904,"H2BC14/H2AC15/CARM1/SMARCC2/SMARCA4/H2AC13/CCND1/H3C7/H2AX/H2AC20/ACTB/KDM6B/JMJD6/H2AC8/KAT2B/H2AC21/KAT2A/YEATS2/SUZ12/RIOX2/H3C2/H2AC11/H3C13/TADA1/SMARCD2/EZH2/ELP5/ARID1A/RELA/EHMT2/TBL1XR1/H2BC15/H3C11/H2BC10/H2AC17/H2BC4/HDAC1/KDM4C/H2AC4/GPS2/DPY30/SUV39H1/H4C3/NFKB2/H2BC18/SMARCC1/H2BC5/H3C3/SUV39H2/H2BC13/H4C5/H2AC16",52
"R-HSA-4839726","Chromatin organization","52/1114","274/10616",1.48745549861945e-05,0.000278620395636927,0.000232991851079904,"H2BC14/H2AC15/CARM1/SMARCC2/SMARCA4/H2AC13/CCND1/H3C7/H2AX/H2AC20/ACTB/KDM6B/JMJD6/H2AC8/KAT2B/H2AC21/KAT2A/YEATS2/SUZ12/RIOX2/H3C2/H2AC11/H3C13/TADA1/SMARCD2/EZH2/ELP5/ARID1A/RELA/EHMT2/TBL1XR1/H2BC15/H3C11/H2BC10/H2AC17/H2BC4/HDAC1/KDM4C/H2AC4/GPS2/DPY30/SUV39H1/H4C3/NFKB2/H2BC18/SMARCC1/H2BC5/H3C3/SUV39H2/H2BC13/H4C5/H2AC16",52
"R-HSA-5693607","Processing of DNA double-strand break ends","25/1114","97/10616",1.51733018136333e-05,0.000280036673178085,0.000234176190529294,"BARD1/DNA2/TIMELESS/H2BC14/CCNA2/BRIP1/BLM/CDK2/RPA1/H2AX/ATM/RNF8/CHEK1/RFC3/H2BC15/H2BC10/TIPIN/H2BC4/CLSPN/H4C3/SUMO2/RBBP8/H2BC5/H2BC13/H4C5",25
"R-HSA-2559582","Senescence-Associated Secretory Phenotype (SASP)","27/1114","109/10616",1.54241370993125e-05,0.000280540464632422,0.000234597478078025,"H2BC14/CCNA2/CDK2/UBE2C/H3C7/H2AX/H2AC20/H2AC8/H3C2/H3C13/CDK6/RELA/EHMT2/H2BC15/H3C11/H2BC10/H2BC4/H2AC4/H3-3A/H4C3/RPS6KA1/CEBPB/H2BC5/H3C3/H2BC13/CDC26/H4C5",27
"R-HSA-8953897","Cellular responses to external stimuli","81/1114","491/10616",2.00721332662749e-05,0.000359864674988214,0.000300931080698888,"H1-5/LMNB1/H2BC14/CCNA2/CDK2/HSPA9/H1-2/RPA1/UBE2C/MT1X/SOD1/H3C7/H2AX/PSMA4/H2AC20/CYBA/H1-4/KDM6B/ATM/MOV10/H2AC8/CAPZB/SUZ12/H3C2/PRDX1/CCNE2/TERF2IP/BAG1/E2F1/H3C13/HIGD1A/CYCS/EZH2/MT1F/CDK6/AJUBA/E2F3/RELA/EHMT2/GSTP1/HSPA13/H2BC15/HIF1A/H3C11/H2BC10/BAG2/LAMTOR3/ID1/TXN/E2F2/H2BC4/CAMK2G/H2AC4/RRAGC/YWHAE/PRDX2/NUP155/CBX6/NUP188/TCIRG1/TFDP2/MAPK9/TERF1/H3-3A/H4C3/MAPK14/RPS6KA1/NUP50/MAPK8/CEBPB/HMGA2/H2BC5/H3C3/MAPKAPK2/CCNE1/CAPZA2/H2BC13/AKT1S1/CDC26/NUP85/H4C5",81
"R-HSA-2262752","Cellular responses to stress","79/1114","477/10616",2.20552253952827e-05,0.00038705884156017,0.000323671767695945,"H1-5/LMNB1/H2BC14/CCNA2/CDK2/HSPA9/H1-2/RPA1/UBE2C/SOD1/H3C7/H2AX/PSMA4/H2AC20/CYBA/H1-4/KDM6B/ATM/MOV10/H2AC8/CAPZB/SUZ12/H3C2/PRDX1/CCNE2/TERF2IP/BAG1/E2F1/H3C13/HIGD1A/CYCS/EZH2/CDK6/AJUBA/E2F3/RELA/EHMT2/GSTP1/HSPA13/H2BC15/HIF1A/H3C11/H2BC10/BAG2/LAMTOR3/ID1/TXN/E2F2/H2BC4/CAMK2G/H2AC4/RRAGC/YWHAE/PRDX2/NUP155/CBX6/NUP188/TCIRG1/TFDP2/MAPK9/TERF1/H3-3A/H4C3/MAPK14/RPS6KA1/NUP50/MAPK8/CEBPB/HMGA2/H2BC5/H3C3/MAPKAPK2/CCNE1/CAPZA2/H2BC13/AKT1S1/CDC26/NUP85/H4C5",79
"R-HSA-5578749","Transcriptional regulation by small RNAs","26/1114","105/10616",2.22057662090297e-05,0.00038705884156017,0.000323671767695945,"H2BC14/H3C7/H2AX/H2AC20/H2AC8/H3C2/H3C13/POLR2C/H2BC15/H3C11/H2BC10/H2BC4/POLR2L/H2AC4/NUP155/NUP188/H3-3A/H4C3/NUP50/RAN/H2BC5/H3C3/POLR2K/H2BC13/NUP85/H4C5",26
"R-HSA-6791312","TP53 Regulates Transcription of Cell Cycle Genes","16/1114","49/10616",2.26815173392546e-05,0.000389935674804993,0.00032607747350017,"CDK1/E2F8/CCNA2/CARM1/CDK2/CCNB1/RBL1/AURKA/CNOT2/CCNE2/E2F1/PCNA/TFDP2/CCNE1/PLK2/ZNF385A",16
"R-HSA-453274","Mitotic G2-G2/M phases","40/1114","197/10616",2.92459618725012e-05,0.000495576741221649,0.000414418126230223,"CDK1/CENPF/FOXM1/MYBL2/PLK1/GTSE1/CCNA2/CDK2/CDC25A/CCNB1/CEP70/CEP78/PLK4/CDC25B/CCNB2/HMMR/NEK2/TUBGCP4/PPP2R1B/CKAP5/PSMA4/LIN37/ALMS1/LIN9/TPX2/AURKA/E2F1/CEP152/CDK7/CETN2/AJUBA/E2F3/WEE1/HAUS1/PKMYT1/YWHAE/HAUS4/OFD1/MAPRE1/BTRC",40
"R-HSA-5625886","Activated PKN1 stimulates transcription of AR (androgen receptor) regulated genes KLK2 and KLK3","19/1114","66/10616",3.00863878253649e-05,0.000495576741221649,0.000414418126230223,"H2BC14/H3C7/H2AX/H2AC20/H2AC8/H3C2/H3C13/H2BC15/H3C11/H2BC10/H2BC4/KDM4C/H2AC4/H3-3A/H4C3/H2BC5/H3C3/H2BC13/H4C5",19
"R-HSA-8862803","Deregulated CDK5 triggers multiple neurodegenerative pathways in Alzheimer's disease models","10/1114","22/10616",3.08007855101901e-05,0.000495576741221649,0.000414418126230223,"LMNB1/CDC25A/CDC25B/APP/PRDX1/LMNA/CAPN1/YWHAE/PRDX2/CAPN2",10
"R-HSA-8863678","Neurodegenerative Diseases","10/1114","22/10616",3.08007855101901e-05,0.000495576741221649,0.000414418126230223,"LMNB1/CDC25A/CDC25B/APP/PRDX1/LMNA/CAPN1/YWHAE/PRDX2/CAPN2",10
"R-HSA-9609523","Insertion of tail-anchored proteins into the endoplasmic reticulum membrane","10/1114","22/10616",3.08007855101901e-05,0.000495576741221649,0.000414418126230223,"APP/SERP1/CAMLG/STX5/CYB5A/ALDH3A2/EMD/SEC61G/GET1/SEC61B",10
"R-HSA-606279","Deposition of new CENPA-containing nucleosomes at the centromere","20/1114","72/10616",3.32100102722335e-05,0.000520982036145662,0.000435662897913378,"H2BC14/KNL1/CENPI/CENPA/H2AX/H2AC20/H2AC8/CENPU/CENPM/H2BC15/H2BC10/CENPQ/H2BC4/H2AC4/CENPH/H4C3/H2BC5/H2BC13/CENPN/H4C5",20
"R-HSA-774815","Nucleosome assembly","20/1114","72/10616",3.32100102722335e-05,0.000520982036145662,0.000435662897913378,"H2BC14/KNL1/CENPI/CENPA/H2AX/H2AC20/H2AC8/CENPU/CENPM/H2BC15/H2BC10/CENPQ/H2BC4/H2AC4/CENPH/H4C3/H2BC5/H2BC13/CENPN/H4C5",20
"R-HSA-201722","Formation of the beta-catenin:TCF transactivating complex","23/1114","90/10616",3.81099953565527e-05,0.00058810395469923,0.000491792529113133,"H2BC14/SMARCA4/H3C7/H2AX/H2AC20/H2AC8/H3C2/H3C13/CTNNB1/H2BC15/H3C11/H2BC10/TCF7L2/H2BC4/HDAC1/H2AC4/H3-3A/H4C3/H2BC5/BCL9/H3C3/H2BC13/H4C5",23
"R-HSA-8936459","RUNX1 regulates genes involved in megakaryocyte differentiation and platelet function","24/1114","96/10616",3.84259157652087e-05,0.00058810395469923,0.000491792529113133,"H2BC14/H3C7/H2AX/H2AC20/MOV10/CBFB/H2AC8/KAT2B/H3C2/H3C13/NR4A3/H2BC15/H3C11/H2BC10/H2BC4/HDAC1/H2AC4/DPY30/H3-3A/H4C3/H2BC5/H3C3/H2BC13/H4C5",24
"R-HSA-73728","RNA Polymerase I Promoter Opening","18/1114","62/10616",4.27816877560569e-05,0.000646879736552427,0.000540942836940885,"H2BC14/H3C7/H2AX/H2AC20/H2AC8/H3C2/H3C13/H2BC15/H3C11/H2BC10/H2BC4/H2AC4/H3-3A/H4C3/H2BC5/H3C3/H2BC13/H4C5",18
"R-HSA-4419969","Depolymerisation of the Nuclear Lamina","8/1114","15/10616",4.69491667864169e-05,0.000701442908535157,0.000586570417118517,"CDK1/LMNB1/CCNB1/LMNA/TMPO/EMD/LPIN2/CNEP1R1",8
"R-HSA-427389","ERCC6 (CSB) and EHMT2 (G9a) positively regulate rRNA expression","20/1114","75/10616",6.29160905570178e-05,0.000928937572341851,0.000776809192388195,"H2BC14/H3C7/H2AX/H2AC20/H2AC8/H3C2/H3C13/EHMT2/H2BC15/H3C11/H2BC10/H2BC4/HDAC1/H2AC4/H3-3A/H4C3/H2BC5/H3C3/H2BC13/H4C5",20
"R-HSA-8856688","Golgi-to-ER retrograde transport","29/1114","132/10616",8.33083439713549e-05,0.00121572060097733,0.00101662691480344,"CENPE/KIF4A/KIF20A/GALNT2/KIF23/ARF4/KIFC1/KIF18B/KIF20B/ARFGAP3/KDELR3/KIF18A/NAPA/COPA/CAPZB/COPG2/PAFAH1B3/RAB3GAP2/KIF16B/GBF1/RINT1/RAB6A/KIF1C/RAB18/GALNT1/BICD2/CAPZA2/BICD1/KIF2A",29
"R-HSA-8953750","Transcriptional Regulation by E2F6","12/1114","34/10616",0.000102313543281286,0.00147590226227603,0.00123419966910396,"RRM2/CDC7/RAD51/SUZ12/MAX/E2F1/CHEK1/EZH2/EHMT2/TFDP2/RBBP8/PCGF2",12
"R-HSA-5617472","Activation of anterior HOX genes in hindbrain development during early embryogenesis","27/1114","121/10616",0.000109625933782582,0.0015458488415409,0.00129269137766096,"H2BC14/H3C7/H2AX/H2AC20/H2AC8/SUZ12/H3C2/H3C13/EZH2/AJUBA/POLR2C/H2BC15/HOXB3/H3C11/H2BC10/H2BC4/POLR2L/H2AC4/H3-3A/RARG/H4C3/H2BC5/H3C3/POLR2K/H2BC13/H4C5/PCGF2",27
"R-HSA-5619507","Activation of HOX genes during differentiation","27/1114","121/10616",0.000109625933782582,0.0015458488415409,0.00129269137766096,"H2BC14/H3C7/H2AX/H2AC20/H2AC8/SUZ12/H3C2/H3C13/EZH2/AJUBA/POLR2C/H2BC15/HOXB3/H3C11/H2BC10/H2BC4/POLR2L/H2AC4/H3-3A/RARG/H4C3/H2BC5/H3C3/POLR2K/H2BC13/H4C5/PCGF2",27
"R-HSA-69275","G2/M Transition","38/1114","195/10616",0.000115309686540958,0.0016079295178767,0.00134460535065889,"CDK1/CENPF/FOXM1/MYBL2/PLK1/GTSE1/CCNA2/CDK2/CDC25A/CCNB1/CEP70/CEP78/PLK4/CDC25B/CCNB2/HMMR/NEK2/TUBGCP4/PPP2R1B/CKAP5/PSMA4/LIN37/ALMS1/LIN9/TPX2/AURKA/CEP152/CDK7/CETN2/AJUBA/WEE1/HAUS1/PKMYT1/YWHAE/HAUS4/OFD1/MAPRE1/BTRC",38
"R-HSA-8852135","Protein ubiquitination","20/1114","79/10616",0.00013810710833525,0.00190466396660153,0.00159274478901382,"H2BC14/SELENOS/UBE2C/PRKDC/DERL1/RTF1/UBE2T/H2BC15/RNF181/H2BC10/BCL10/H2BC4/PCNA/UBA6/UCHL3/RAD18/H2BC5/H2BC13/UBE2S/UBE2E3",20
"R-HSA-6804756","Regulation of TP53 Activity through Phosphorylation","22/1114","92/10616",0.000161589273322914,0.00220428845674193,0.00184330097829457,"AURKB/BARD1/DNA2/CCNA2/BRIP1/BLM/CDK2/CHEK2/RPA1/SUPT16H/ATM/TPX2/AURKA/TAF13/CHEK1/RFC3/PRKAB2/HIPK2/TAF7/CSNK2A1/MAPK14/RBBP8",22
"R-HSA-157118","Signaling by NOTCH","43/1114","234/10616",0.000171002010373181,0.00230760777439078,0.00192970010573924,"DLGAP5/H2BC14/CCND1/H3C7/H2AX/PSMA4/H2AC20/MOV10/STAT1/H2AC8/KAT2B/TACC3/KAT2A/H3C2/MAML2/E2F1/H3C13/DTX4/E2F3/TBL1XR1/H2BC15/HIF1A/H3C11/H2BC10/H2BC4/HDAC1/RAB6A/H2AC4/SMAD3/ARRB2/MDK/TFDP2/H3-3A/H4C3/DTX2/YWHAZ/ITCH/H2BC5/H3C3/H2BC13/B4GALT1/H4C5/FURIN",43
"R-HSA-75153","Apoptotic execution phase","15/1114","52/10616",0.000198581475656892,0.0026346104098689,0.00220315083131834,"H1-5/LMNB1/H1-2/SPTAN1/H1-4/HMGB2/CASP6/LMNA/CTNNB1/BCAP31/ADD1/CLSPN/DSG2/FNTA/DFFA",15
"R-HSA-157579","Telomere Maintenance","20/1114","81/10616",0.000199432660508004,0.0026346104098689,0.00220315083131834,"DNA2/H2BC14/RPA1/H2AX/H2AC20/H2AC8/TERF2IP/RFC3/H2BC15/H2BC10/H2BC4/PCNA/H2AC4/POLA1/TERF1/H4C3/POLE2/H2BC5/H2BC13/H4C5",20
"R-HSA-6807878","COPI-mediated anterograde transport","23/1114","100/10616",0.000215692257896912,0.0028197269131315,0.00235795154740374,"COG6/COG1/COG3/ARF4/BET1L/GOLGB1/YKT6/ARFGAP3/SPTAN1/COG5/KDELR3/GOSR1/NAPA/COPA/CAPZB/SPTBN1/COPG2/BET1/STX5/GOSR2/GBF1/CD59/CAPZA2",23
"R-HSA-6804114","TP53 Regulates Transcription of Genes Involved in G2 Cell Cycle Arrest","8/1114","18/10616",0.000239207666075466,0.00309490330850216,0.00258806340832599,"CDK1/CARM1/CCNB1/RBL1/AURKA/PCNA/TFDP2/ZNF385A",8
"R-HSA-6804116","TP53 Regulates Transcription of Genes Involved in G1 Cell Cycle Arrest","7/1114","14/10616",0.000242682449704753,0.0031078211671374,0.00259886576107024,"E2F8/CCNA2/CDK2/CCNE2/E2F1/CCNE1/ZNF385A",7
"R-HSA-5689901","Metalloprotease DUBs","12/1114","37/10616",0.000256623240838948,0.00325315320457455,0.00272039735371006,"BARD1/H2AC15/H2AC13/H2AC20/H2AC8/KAT2B/H2AC21/H2AC11/H2AC17/H2AC4/STAM/H2AC16",12
"R-HSA-73980","RNA Polymerase III Transcription Termination","9/1114","23/10616",0.000311645957586382,0.00391115676770909,0.00327064231277497,"POLR3D/NFIC/SSB/NFIB/POLR3A/POLR3K/POLR2L/NFIX/POLR2K",9
"R-HSA-3214847","HATs acetylate histones","29/1114","142/10616",0.000317696534347968,0.00394761535254158,0.00330113022141661,"H2BC14/H2AC15/H2AC13/H3C7/H2AC20/ACTB/H2AC8/KAT2B/H2AC21/KAT2A/YEATS2/H3C2/H2AC11/H3C13/TADA1/ELP5/H2BC15/H3C11/H2BC10/H2AC17/H2BC4/H2AC4/H4C3/H2BC18/H2BC5/H3C3/H2BC13/H4C5/H2AC16",29
"R-HSA-9018519","Estrogen-dependent gene expression","30/1114","149/10616",0.000326586942532995,0.00398732404667145,0.00333433598199324,"H2BC14/CARM1/KPNA2/CCND1/H3C7/H2AX/H2AC20/MOV10/CBFB/H2AC8/KAT2B/CCNT1/H3C2/H3C13/POLR2C/H2BC15/H3C11/H2BC10/H2BC4/POLR2L/HDAC1/H2AC4/H3-3A/H4C3/H2BC5/H3C3/POLR2K/H2BC13/CTSD/H4C5",30
"R-HSA-110328","Recognition and association of DNA glycosylase with site containing an affected pyrimidine","16/1114","60/10616",0.000333600816653787,0.00398732404667145,0.00333433598199324,"H2BC14/H2AX/H2AC20/H2AC8/TERF2IP/NEIL3/H2BC15/H2BC10/UNG/H2BC4/H2AC4/TERF1/H4C3/H2BC5/H2BC13/H4C5",16
"R-HSA-110329","Cleavage of the damaged pyrimidine ","16/1114","60/10616",0.000333600816653787,0.00398732404667145,0.00333433598199324,"H2BC14/H2AX/H2AC20/H2AC8/TERF2IP/NEIL3/H2BC15/H2BC10/UNG/H2BC4/H2AC4/TERF1/H4C3/H2BC5/H2BC13/H4C5",16
"R-HSA-73928","Depyrimidination","16/1114","60/10616",0.000333600816653787,0.00398732404667145,0.00333433598199324,"H2BC14/H2AX/H2AC20/H2AC8/TERF2IP/NEIL3/H2BC15/H2BC10/UNG/H2BC4/H2AC4/TERF1/H4C3/H2BC5/H2BC13/H4C5",16
"R-HSA-948021","Transport to the Golgi and subsequent modification","35/1114","184/10616",0.000342303260976147,0.0040527414389157,0.00338904023031995,"COG6/COG1/COG3/ARF4/CTSC/BET1L/SEC24A/GOLGB1/YKT6/ARFGAP3/SPTAN1/COG5/KDELR3/GOSR1/NAPA/COPA/CAPZB/MIA3/SAR1B/SPTBN1/SEC23A/COPG2/MGAT4B/BET1/STX5/GOSR2/MANEA/GBF1/SEC23IP/MIA2/B4GALT5/CD59/MAN2A1/CAPZA2/B4GALT1",35
"R-HSA-8854518","AURKA Activation by TPX2","18/1114","72/10616",0.000347366910986444,0.00407425675970082,0.00340703207332499,"CDK1/PLK1/CEP70/CEP78/PLK4/HMMR/NEK2/CKAP5/ALMS1/TPX2/AURKA/CEP152/CETN2/HAUS1/YWHAE/HAUS4/OFD1/MAPRE1",18
"R-HSA-5693568","Resolution of D-loop Structures through Holliday Junction Intermediates","11/1114","33/10616",0.000353194295696929,0.00410424852870043,0.00343211221062221,"BARD1/DNA2/BRIP1/BLM/RAD51AP1/RAD51/ATM/GEN1/XRCC2/RBBP8/SPIDR",11
"R-HSA-73884","Base Excision Repair","21/1114","91/10616",0.000380761437703743,0.00437155222316111,0.00365564065128255,"H2BC14/RPA1/H2AX/H2AC20/H2AC8/TERF2IP/NEIL3/RFC3/H2BC15/H2BC10/UNG/H2BC4/PCNA/H2AC4/POLB/TERF1/H4C3/POLE2/H2BC5/H2BC13/H4C5",21
"R-HSA-110330","Recognition and association of DNA glycosylase with site containing an affected purine","15/1114","55/10616",0.000390130556967366,0.00437155222316111,0.00365564065128255,"H2BC14/H2AX/H2AC20/H2AC8/TERF2IP/NEIL3/H2BC15/H2BC10/H2BC4/H2AC4/TERF1/H4C3/H2BC5/H2BC13/H4C5",15
"R-HSA-110331","Cleavage of the damaged purine","15/1114","55/10616",0.000390130556967366,0.00437155222316111,0.00365564065128255,"H2BC14/H2AX/H2AC20/H2AC8/TERF2IP/NEIL3/H2BC15/H2BC10/H2BC4/H2AC4/TERF1/H4C3/H2BC5/H2BC13/H4C5",15
"R-HSA-73927","Depurination","15/1114","55/10616",0.000390130556967366,0.00437155222316111,0.00365564065128255,"H2BC14/H2AX/H2AC20/H2AC8/TERF2IP/NEIL3/H2BC15/H2BC10/H2BC4/H2AC4/TERF1/H4C3/H2BC5/H2BC13/H4C5",15
"R-HSA-6811438","Intra-Golgi traffic","13/1114","44/10616",0.000404064267958912,0.00448761642733128,0.0037526974863068,"COG6/COG1/COG3/BET1L/YKT6/COG5/GOSR1/NAPA/TRIP11/STX5/GOSR2/CYTH3/MAN2A1",13
"R-HSA-5693537","Resolution of D-Loop Structures","11/1114","34/10616",0.000473180742504412,0.00520913887581611,0.00435605909766296,"BARD1/DNA2/BRIP1/BLM/RAD51AP1/RAD51/ATM/GEN1/XRCC2/RBBP8/SPIDR",11
"R-HSA-73929","Base-Excision Repair, AP Site Formation","16/1114","62/10616",0.000498359698228181,0.00543862105457711,0.00454795990053544,"H2BC14/H2AX/H2AC20/H2AC8/TERF2IP/NEIL3/H2BC15/H2BC10/UNG/H2BC4/H2AC4/TERF1/H4C3/H2BC5/H2BC13/H4C5",16
"R-HSA-4615885","SUMOylation of DNA replication proteins","13/1114","45/10616",0.000514415503074123,0.00556544358929331,0.00465401321746734,"AURKB/TOP2A/INCENP/CDCA8/BIRC5/AURKA/PCNA/PIAS3/NUP155/NUP188/SUMO2/NUP50/NUP85",13
"R-HSA-199977","ER to Golgi Anterograde Transport","30/1114","153/10616",0.000522752902342135,0.00560730677298615,0.00468902063549355,"COG6/COG1/COG3/ARF4/CTSC/BET1L/SEC24A/GOLGB1/YKT6/ARFGAP3/SPTAN1/COG5/KDELR3/GOSR1/NAPA/COPA/CAPZB/MIA3/SAR1B/SPTBN1/SEC23A/COPG2/BET1/STX5/GOSR2/GBF1/SEC23IP/MIA2/CD59/CAPZA2",30
"R-HSA-2565942","Regulation of PLK1 Activity at G2/M Transition","20/1114","87/10616",0.000548080749822998,0.00582916390701579,0.00487454511662381,"CDK1/PLK1/CCNB1/CEP70/CEP78/PLK4/CCNB2/NEK2/CKAP5/ALMS1/AURKA/CEP152/CETN2/AJUBA/HAUS1/YWHAE/HAUS4/OFD1/MAPRE1/BTRC",20
"R-HSA-171306","Packaging Of Telomere Ends","14/1114","51/10616",0.000562862011781821,0.00593606575450576,0.00496394007736821,"H2BC14/H2AX/H2AC20/H2AC8/TERF2IP/H2BC15/H2BC10/H2BC4/H2AC4/TERF1/H4C3/H2BC5/H2BC13/H4C5",14
"R-HSA-2980766","Nuclear Envelope Breakdown","14/1114","52/10616",0.000697070630354168,0.00722994744706183,0.00604592795531192,"CDK1/PLK1/LMNB1/CCNB1/CCNB2/LMNA/TMPO/EMD/NUP155/NUP188/NUP50/LPIN2/CNEP1R1/NUP85",14
"R-HSA-381070","IRE1alpha activates chaperones","14/1114","52/10616",0.000697070630354168,0.00722994744706183,0.00604592795531192,"WIPI1/SERP1/FKBP14/KDELR3/TSPYL2/PPP2R5B/SYVN1/LMNA/GOSR2/GFPT1/SRPRA/ADD1/ERN1/CXXC1",14
"R-HSA-5689880","Ub-specific processing proteases","38/1114","214/10616",0.000793277600710521,0.00816035564665331,0.00682396693622424,"CYLD/H2BC14/CCNA2/H2AC15/CDC25A/H2AC13/CDC20/SKP2/PSMA4/H2AC20/H2AC8/H2AC21/KAT2A/STAM2/H2AC11/USP37/USP17L5/TNKS/H2BC15/HIF1A/H2BC10/H2AC17/H2BC4/USP8/SIAH2/CLSPN/H2AC4/SMAD3/PTRH2/ARRB2/POLB/H2BC18/H2BC5/HGS/H2BC13/DDB2/DDX58/H2AC16",38
"R-HSA-5693554","Resolution of D-loop Structures through Synthesis-Dependent Strand Annealing (SDSA)","9/1114","26/10616",0.000891347555547572,0.00909464375782278,0.007605250431159,"BARD1/DNA2/BRIP1/BLM/RAD51AP1/RAD51/ATM/XRCC2/RBBP8",9
"R-HSA-5693579","Homologous DNA Pairing and Strand Exchange","12/1114","42/10616",0.000934128076313231,0.00945428012720246,0.00790599059494305,"BARD1/DNA2/BRIP1/BLM/RAD51AP1/RAD51/RPA1/ATM/CHEK1/RFC3/XRCC2/RBBP8",12
"R-HSA-5688426","Deubiquitination","48/1114","291/10616",0.000969264679348494,0.00973141738065888,0.00813774219208799,"CDK1/BARD1/CYLD/H2BC14/CCNA2/H2AC15/CDC25A/H2AC13/CDC20/SKP2/PSMA4/H2AC20/ACTB/H2AC8/KAT2B/H2AC21/KAT2A/STAM2/H2AC11/USP37/USP17L5/TNKS/H2BC15/HIF1A/H2BC10/H2AC17/H2BC4/USP8/SIAH2/CLSPN/H2AC4/ATXN3/SMAD3/ZRANB1/PTRH2/ARRB2/STAM/POLB/UCHL5/UCHL3/TGFBR2/H2BC18/H2BC5/HGS/H2BC13/DDB2/DDX58/H2AC16",48
"R-HSA-5633007","Regulation of TP53 Activity","30/1114","160/10616",0.00112231686779903,0.0111786322943475,0.0093479525246085,"CDK1/AURKB/BARD1/DNA2/CCNA2/BRIP1/BLM/CDK2/CHEK2/RPA1/PPP2R1B/JMY/SUPT16H/ATM/TPX2/AURKA/TAF13/PIP4K2B/CHEK1/RFC3/EHMT2/HDAC1/PRKAB2/BRD7/HIPK2/TAF7/CSNK2A1/MAPK14/RBBP8/ZNF385A",30
"R-HSA-380994","ATF4 activates genes in response to endoplasmic reticulum  stress","9/1114","27/10616",0.00121401380517279,0.011996750594424,0.0100320908724183,"DDIT3/HERPUD1/EXOSC9/ATF6/ATF3/ATF4/EXOSC1/CEBPG/CEBPB",9
"R-HSA-983231","Factors involved in megakaryocyte development and platelet production","31/1114","168/10616",0.00122875938427591,0.0120476017755177,0.0100746143595648,"CENPE/KIF4A/KIF20A/CDK2/KIF23/KIFC1/KIF18B/KIF20B/H3C7/ACTB/KIF18A/CAPZB/H3C2/H3C13/KIF16B/CABLES1/RAB5A/ITPK1/H3C11/WEE1/HDAC1/PRKAR2A/KIF1C/MAFK/H3-3A/AKAP1/DOCK7/H3C3/CAPZA2/MFN2/KIF2A",31
"R-HSA-5685942","HDR through Homologous Recombination (HRR)","16/1114","67/10616",0.00123990022616939,0.0120625952235859,0.0100871523907865,"BARD1/DNA2/BRIP1/BLM/RAD51AP1/RAD51/RPA1/ATM/GEN1/CHEK1/RFC3/XRCC2/PCNA/RBBP8/POLE2/SPIDR",16
"R-HSA-69231","Cyclin D associated events in G1","12/1114","44/10616",0.00146271513695893,0.0140130343273547,0.0117181759063725,"CCND1/SKP2/PPP2R1B/RBL1/E2F1/LYN/CDK7/CDK6/E2F3/E2F2/CKS1B/TFDP2",12
"R-HSA-69236","G1 Phase","12/1114","44/10616",0.00146271513695893,0.0140130343273547,0.0117181759063725,"CCND1/SKP2/PPP2R1B/RBL1/E2F1/LYN/CDK7/CDK6/E2F3/E2F2/CKS1B/TFDP2",12
"R-HSA-381038","XBP1(S) activates chaperone genes","13/1114","50/10616",0.00152243056974586,0.014474623977508,0.0121041728711054,"WIPI1/SERP1/FKBP14/KDELR3/TSPYL2/PPP2R5B/SYVN1/LMNA/GOSR2/GFPT1/SRPRA/ADD1/CXXC1",13
"R-HSA-211000","Gene Silencing by RNA","26/1114","135/10616",0.00156920171131127,0.0148071289300425,0.0123822248213482,"H2BC14/H3C7/H2AX/H2AC20/H2AC8/H3C2/H3C13/POLR2C/H2BC15/H3C11/H2BC10/H2BC4/POLR2L/H2AC4/NUP155/NUP188/H3-3A/H4C3/NUP50/RAN/H2BC5/H3C3/POLR2K/H2BC13/NUP85/H4C5",26
"R-HSA-8878171","Transcriptional regulation by RUNX1","40/1114","237/10616",0.00160499639004635,0.0150318691754341,0.0125701602582577,"H2BC14/SMARCC2/SMARCA4/CCND1/H3C7/H2AX/PSMA4/H2AC20/MOV10/CBFB/H2AC8/KAT2B/H3C2/H3C13/CDK7/SMARCD2/NR4A3/CDK6/ARID1A/H2BC15/H3C11/H2BC10/LDB1/H2BC4/HDAC1/H2AC4/YAP1/CBX6/HIPK2/DPY30/H3-3A/H4C3/LGALS3/CSNK2A1/ITCH/SMARCC1/H2BC5/H3C3/H2BC13/H4C5",40
"R-HSA-5693616","Presynaptic phase of homologous DNA pairing and strand exchange","11/1114","39/10616",0.00169729953192923,0.0157785993523792,0.0131946014295005,"BARD1/DNA2/BRIP1/BLM/RAD51/RPA1/ATM/CHEK1/RFC3/XRCC2/RBBP8",11
"R-HSA-400253","Circadian Clock","16/1114","69/10616",0.00172743670783692,0.0159406843259951,0.0133301423971626,"CARM1/NFIL3/NOCT/PER1/PPP1CC/MEF2D/DBP/TBL1XR1/HIF1A/CRTC3/ARNTL2/NAMPT/SREBF1/CPT1A/BTRC/HELZ2",16
"R-HSA-162658","Golgi Cisternae Pericentriolar Stack Reorganization","6/1114","14/10616",0.00188146289403028,0.017235298773781,0.0144127430299515,"CDK1/PLK1/CCNB1/CCNB2/BLZF1/RAB2A",6
"R-HSA-1852241","Organelle biogenesis and maintenance","47/1114","295/10616",0.00226355800400235,0.0205831072766669,0.0172122943634614,"CDK1/PLK1/CARM1/BBS9/CEP70/CEP78/ARF4/PLK4/HSPA9/NEK2/WDR19/CKAP5/RPGRIP1L/TTC8/LZTFL1/ALMS1/TRIP11/IFT20/EXOC8/CCT5/MEF2D/CEP152/GBF1/CYCS/CETN2/TBL1XR1/CEP162/ATP5MC3/HAUS1/CRTC3/CCT2/PRKAB2/YWHAE/IFT80/AHI1/CEP83/HAUS4/TFAM/OFD1/TFB2M/MAPK14/PPARGC1B/MAPRE1/PKD2/TMEM67/HELZ2/CALM3",47
"R-HSA-5620912","Anchoring of the basal body to the plasma membrane","20/1114","97/10616",0.00227972263861091,0.0205831072766669,0.0172122943634614,"CDK1/PLK1/CEP70/CEP78/PLK4/NEK2/CKAP5/RPGRIP1L/ALMS1/CEP152/CETN2/CEP162/HAUS1/YWHAE/AHI1/CEP83/HAUS4/OFD1/MAPRE1/TMEM67",20
"R-HSA-1221632","Meiotic synapsis","17/1114","78/10616",0.00256478843126978,0.022991496294597,0.0192262711727517,"LMNB1/H2BC14/H2AX/H2AC20/SUN2/H2AC8/LMNA/TERF2IP/H2BC15/H2BC10/H2BC4/H2AC4/TERF1/H4C3/H2BC5/H2BC13/H4C5",17
"R-HSA-8866654","E3 ubiquitin ligases ubiquitinate target proteins","14/1114","59/10616",0.0026112782062971,0.0232422280064033,0.0194359415578814,"H2BC14/SELENOS/PRKDC/DERL1/RTF1/H2BC15/RNF181/H2BC10/BCL10/H2BC4/PCNA/RAD18/H2BC5/H2BC13",14
"R-HSA-73762","RNA Polymerase I Transcription Initiation","12/1114","47/10616",0.00269766444329132,0.023569488237712,0.0197096076938552,"ERCC2/KAT2B/KAT2A/POLR1A/CDK7/EHMT2/POLR2L/HDAC1/POLR1E/TWISTNB/POLR2K/TAF1B",12
"R-HSA-69239","Synthesis of DNA","23/1114","119/10616",0.00271387880017091,0.023569488237712,0.0197096076938552,"DNA2/CCNA2/CDK2/GINS1/MCM5/GINS2/SKP2/RPA1/UBE2C/PSMA4/MCM4/CCNE2/MCM2/CDC45/ORC1/RFC3/PCNA/POLA1/GINS4/MCM7/POLE2/CCNE1/CDC26",23
"R-HSA-69002","DNA Replication Pre-Initiation","18/1114","85/10616",0.00272316796371972,0.023569488237712,0.0197096076938552,"MCM10/CDK2/CDC7/MCM5/GMNN/RPA1/PSMA4/MCM4/MCM2/CDC45/E2F1/DBF4/ORC1/E2F3/E2F2/POLA1/MCM7/POLE2",18
"R-HSA-69656","Cyclin A:Cdk2-associated events at S phase entry","18/1114","85/10616",0.00272316796371972,0.023569488237712,0.0197096076938552,"CCNA2/CDK2/CDC25A/CDC25B/CCND1/SKP2/PSMA4/LIN37/LIN9/CCNE2/MAX/E2F1/CABLES1/CDK7/WEE1/CKS1B/TFDP2/CCNE1",18
"R-HSA-622312","Inflammasomes","7/1114","20/10616",0.00311528640273318,0.0267786605166448,0.0223932267016942,"APP/NLRP1/BCL2L1/RELA/TXN/NFKB2/SUGT1",7
"R-HSA-3928662","EPHB-mediated forward signaling","11/1114","42/10616",0.00323360491679167,0.0276066270107044,0.0230856004442628,"ITSN1/ACTG1/ACTB/ACTR3/EPHB2/LYN/EPHB4/EFNB2/ARPC1B/LIMK2/ROCK2",11
"R-HSA-8939236","RUNX1 regulates transcription of genes involved in differentiation of HSCs","24/1114","129/10616",0.00373021316817916,0.0316311995004382,0.0264510848412136,"H2BC14/H3C7/H2AX/PSMA4/H2AC20/CBFB/H2AC8/H3C2/H3C13/CDK7/H2BC15/H3C11/H2BC10/LDB1/H2BC4/H2AC4/YAP1/H3-3A/H4C3/ITCH/H2BC5/H3C3/H2BC13/H4C5",24
"R-HSA-1655829","Regulation of cholesterol biosynthesis by SREBP (SREBF)","13/1114","55/10616",0.00379878110265288,0.0319964448579152,0.0267565154316137,"CARM1/ACACA/SEC24A/INSIG2/SAR1B/SEC23A/TBL1XR1/SREBF1/SQLE/PMVK/FASN/RAN/HELZ2",13
"R-HSA-6811440","Retrograde transport at the Trans-Golgi-Network","12/1114","49/10616",0.00391452527001489,0.0327515280924579,0.0273879417137182,"COG6/COG1/COG3/VAMP4/GOLGA1/COG5/NAPA/GOLGA4/GCC2/RAB6A/NAA35/ARFIP2",12
"R-HSA-6807004","Negative regulation of MET activity","7/1114","21/10616",0.00425565132189751,0.0353698172780224,0.0295774441821668,"PTPRJ/STAM2/CBL/USP8/STAM/HGS/MET",7
"R-HSA-381042","PERK regulates gene expression","9/1114","32/10616",0.00449330118408461,0.0368568169021319,0.0308209238426718,"DDIT3/HERPUD1/EXOSC9/ATF6/ATF3/ATF4/EXOSC1/CEBPG/CEBPB",9
"R-HSA-73863","RNA Polymerase I Transcription Termination","9/1114","32/10616",0.00449330118408461,0.0368568169021319,0.0308209238426718,"ERCC2/POLR1A/CDK7/POLR2L/POLR1E/TWISTNB/CAVIN1/POLR2K/TAF1B",9
"R-HSA-380259","Loss of Nlp from mitotic centrosomes","15/1114","69/10616",0.00459171693719204,0.0371780952011355,0.0310895876833987,"CDK1/PLK1/CEP70/CEP78/PLK4/NEK2/CKAP5/ALMS1/CEP152/CETN2/HAUS1/YWHAE/HAUS4/OFD1/MAPRE1",15
"R-HSA-380284","Loss of proteins required for interphase microtubule organization from the centrosome","15/1114","69/10616",0.00459171693719204,0.0371780952011355,0.0310895876833987,"CDK1/PLK1/CEP70/CEP78/PLK4/NEK2/CKAP5/ALMS1/CEP152/CETN2/HAUS1/YWHAE/HAUS4/OFD1/MAPRE1",15
"R-HSA-111465","Apoptotic cleavage of cellular proteins","10/1114","38/10616",0.00472987032878167,0.0380512004014167,0.0318197079473369,"LMNB1/SPTAN1/CASP6/LMNA/CTNNB1/BCAP31/ADD1/CLSPN/DSG2/FNTA",10
"R-HSA-1834949","Cytosolic sensors of pathogen-associated DNA ","14/1114","63/10616",0.00493933230958194,0.0394831977613078,0.0330171928438028,"POLR3D/DHX9/PRKDC/DTX4/NFKBIB/RELA/CTNNB1/POLR3A/POLR3K/POLR2L/TRIM21/NFKB2/POLR2K/CGAS",14
"R-HSA-69202","Cyclin E associated events during G1/S transition ","17/1114","83/10616",0.00504985049303194,0.0401111542326271,0.0335423114027505,"CCNA2/CDK2/CDC25A/CCND1/SKP2/PSMA4/LIN37/LIN9/CCNE2/MAX/E2F1/CABLES1/CDK7/WEE1/CKS1B/TFDP2/CCNE1",17
"R-HSA-109581","Apoptosis","30/1114","177/10616",0.0054538252768794,0.0430474888206519,0.0359977742538812,"H1-5/LMNB1/H1-2/BID/SPTAN1/PSMA4/H1-4/HMGB2/CASP6/C1QBP/LMNA/E2F1/CYCS/BCL2L1/CTNNB1/YWHAQ/BCAP31/ADD1/CLSPN/OMA1/DSG2/YWHAE/FNTA/TFDP2/DFFA/YWHAZ/YWHAH/MAPK8/ARHGAP10/CFLAR",30
"R-HSA-5694530","Cargo concentration in the ER","9/1114","33/10616",0.00561451770521789,0.043512183744467,0.0363863679540646,"CTSC/SEC24A/MIA3/SAR1B/SEC23A/STX5/GOSR2/MIA2/CD59",9
"R-HSA-9022692","Regulation of MECP2 expression and activity","9/1114","33/10616",0.00561451770521789,0.043512183744467,0.0363863679540646,"AURKB/MOV10/TBL1XR1/HDAC1/LBR/CAMK2G/GPS2/HIPK2/CALM3",9
"R-HSA-5617833","Cilium Assembly","33/1114","200/10616",0.00561671216462442,0.043512183744467,0.0363863679540646,"CDK1/PLK1/BBS9/CEP70/CEP78/ARF4/PLK4/NEK2/WDR19/CKAP5/RPGRIP1L/TTC8/LZTFL1/ALMS1/TRIP11/IFT20/EXOC8/CCT5/CEP152/GBF1/CETN2/CEP162/HAUS1/CCT2/YWHAE/IFT80/AHI1/CEP83/HAUS4/OFD1/MAPRE1/PKD2/TMEM67",33
"R-HSA-113510","E2F mediated regulation of DNA replication","7/1114","22/10616",0.00568535356769683,0.0437737345242915,0.036605085611842,"CDK1/CCNB1/PPP2R1B/E2F1/ORC1/POLA1/TFDP2",7
"R-HSA-201681","TCF dependent signaling in response to WNT","37/1114","231/10616",0.00576842333203036,0.0441425078152323,0.0369134663801943,"H2BC14/PPP2R5D/SMARCA4/LGR4/PPP2R1B/H3C7/DKK1/H2AX/PSMA4/H2AC20/H2AC8/PPP2R5B/H3C2/H3C13/TNKS/CTNNB1/H2BC15/H3C11/H2BC10/TCF7L2/H2BC4/USP8/HDAC1/H2AC4/LRP5/H3-3A/H4C3/ZNRF3/CSNK2A1/YWHAZ/LRP6/H2BC5/BCL9/H3C3/BTRC/H2BC13/H4C5",37
"R-HSA-6811434","COPI-dependent Golgi-to-ER retrograde traffic","19/1114","98/10616",0.00588843823400682,0.0447878180829004,0.0374530967738743,"CENPE/KIF4A/KIF20A/KIF23/ARF4/KIFC1/KIF18B/KIF20B/ARFGAP3/KDELR3/KIF18A/NAPA/COPA/COPG2/KIF16B/GBF1/RINT1/KIF1C/KIF2A",19
"R-HSA-3214841","PKMTs methylate histone lysines","15/1114","71/10616",0.00607504449006373,0.045928800211024,0.0384072248357232,"H3C7/SUZ12/H3C2/H3C13/EZH2/RELA/EHMT2/H3C11/DPY30/SUV39H1/H4C3/NFKB2/H3C3/SUV39H2/H4C5",15
"R-HSA-446203","Asparagine N-linked glycosylation","46/1114","303/10616",0.00634742754613897,0.0477007279664935,0.0398889710904542,"ALG6/COG6/COG1/COG3/ARF4/CTSC/BET1L/SEC24A/GOLGB1/YKT6/ARFGAP3/SPTAN1/COG5/KDELR3/GOSR1/NAPA/COPA/CAPZB/MIA3/SAR1B/SPTBN1/DERL1/SEC23A/COPG2/MGAT4B/BET1/SYVN1/STX5/GOSR2/TSTA3/MANEA/EDEM3/GFPT1/GBF1/SEC23IP/ALG13/MIA2/NANS/ALG5/B4GALT5/CD59/ALG8/MAN2A1/CAPZA2/SLC17A5/B4GALT1",46
"R-HSA-2682334","EPH-Ephrin signaling","18/1114","92/10616",0.00656600237962085,0.0490496011096677,0.0410169446897368,"ITSN1/MYH9/ACTG1/ACTB/VAV2/ACTR3/EPHA2/EPHB2/LYN/EPHB4/EFNA1/EPHA4/CLTCL1/EFNB2/ARPC1B/LIMK2/ROCK2/NCK2",18
"R-HSA-2990846","SUMOylation","31/1114","187/10616",0.00665166999791289,0.0493955375584656,0.0413062285139779,"AURKB/TOP2A/BLM/INCENP/RPA1/CDCA8/BIRC5/DNMT3B/AURKA/SUZ12/SENP5/CETN2/RELA/MBD1/PCNA/HDAC1/PIAS3/NUP155/NUP188/HIPK2/H4C3/SUMO2/NFKB2/NR4A2/NUP50/XPC/PPARG/PIAS1/NUP85/H4C5/PCGF2",31
